-- MySQL dump 10.13  Distrib 8.0.36, for Win64 (x86_64)
--
-- Host: localhost    Database: mycvproject
-- ------------------------------------------------------
-- Server version	8.0.36

/*!40101 SET @OLD_CHARACTER_SET_CLIENT=@@CHARACTER_SET_CLIENT */;
/*!40101 SET @OLD_CHARACTER_SET_RESULTS=@@CHARACTER_SET_RESULTS */;
/*!40101 SET @OLD_COLLATION_CONNECTION=@@COLLATION_CONNECTION */;
/*!50503 SET NAMES utf8mb4 */;
/*!40103 SET @OLD_TIME_ZONE=@@TIME_ZONE */;
/*!40103 SET TIME_ZONE='+00:00' */;
/*!40014 SET @OLD_UNIQUE_CHECKS=@@UNIQUE_CHECKS, UNIQUE_CHECKS=0 */;
/*!40014 SET @OLD_FOREIGN_KEY_CHECKS=@@FOREIGN_KEY_CHECKS, FOREIGN_KEY_CHECKS=0 */;
/*!40101 SET @OLD_SQL_MODE=@@SQL_MODE, SQL_MODE='NO_AUTO_VALUE_ON_ZERO' */;
/*!40111 SET @OLD_SQL_NOTES=@@SQL_NOTES, SQL_NOTES=0 */;

--
-- Table structure for table `app`
--

DROP TABLE IF EXISTS `app`;
/*!40101 SET @saved_cs_client     = @@character_set_client */;
/*!50503 SET character_set_client = utf8mb4 */;
CREATE TABLE `app` (
  `idapp` int NOT NULL AUTO_INCREMENT,
  `appName` varchar(45) DEFAULT NULL,
  `person_idperson` int NOT NULL,
  PRIMARY KEY (`idapp`,`person_idperson`),
  KEY `fk_app_person_idx` (`person_idperson`),
  CONSTRAINT `fk_app_person` FOREIGN KEY (`person_idperson`) REFERENCES `person` (`idperson`) ON DELETE CASCADE
) ENGINE=InnoDB AUTO_INCREMENT=338 DEFAULT CHARSET=utf8mb3;
/*!40101 SET character_set_client = @saved_cs_client */;

--
-- Dumping data for table `app`
--

LOCK TABLES `app` WRITE;
/*!40000 ALTER TABLE `app` DISABLE KEYS */;
INSERT INTO `app` VALUES (15,'half App',5),(16,'talk App',6),(17,'TV App',6),(18,'data App',6),(19,'my App',7),(20,'national App',7),(21,'provide App',7),(22,'bed App',8),(23,'often App',8),(24,'cell App',9),(25,'site App',10),(26,'guess App',10),(27,'important App',10),(28,'enter App',11),(29,'player App',11),(30,'job App',11),(31,'unit App',12),(32,'common App',13),(33,'assume App',13),(34,'arm App',13),(35,'his App',14),(36,'style App',14),(37,'choose App',14),(46,'voice App',5),(47,'specific App',6),(48,'loss App',6),(49,'thank App',7),(50,'play App',7),(51,'against App',8),(52,'per App',9),(53,'stop App',9),(54,'wide App',9),(55,'long App',10),(56,'discussion App',10),(57,'worry App',11),(58,'teacher App',11),(59,'leave App',11),(60,'top App',12),(61,'wrong App',12),(62,'charge App',13),(63,'remain App',13),(64,'me App',14),(65,'particular App',14),(66,'choose App',15),(67,'various App',15),(68,'friend App',15),(69,'movement App',16),(70,'race App',16),(71,'poor App',17),(72,'sign App',17),(73,'score App',18),(74,'policy App',18),(75,'exactly App',19),(76,'room App',20),(77,'sign App',20),(78,'you App',21),(79,'friend App',21),(80,'section App',22),(81,'hear App',22),(82,'couple App',22),(83,'production App',23),(84,'man App',23),(85,'visit App',23),(86,'majority App',24),(87,'artist App',24),(91,'hope App',5),(92,'apply App',6),(93,'we App',6),(94,'federal App',7),(95,'ready App',7),(96,'suggest App',7),(97,'bring App',8),(98,'leg App',8),(99,'head App',9),(100,'conference App',9),(101,'threat App',10),(102,'part App',11),(103,'include App',12),(104,'occur App',12),(105,'weight App',12),(106,'impact App',13),(107,'left App',13),(108,'machine App',13),(109,'region App',14),(110,'population App',15),(111,'stuff App',15),(112,'buy App',16),(113,'through App',16),(114,'land App',16),(115,'whose App',17),(116,'ago App',18),(117,'option App',19),(118,'career App',20),(119,'contain App',20),(120,'law App',21),(121,'light App',21),(122,'method App',21),(123,'if App',22),(124,'music App',22),(125,'federal App',22),(126,'seat App',23),(127,'law App',23),(128,'carry App',23),(129,'then App',24),(130,'admit App',24),(131,'lot App',25),(132,'once App',25),(133,'apply App',25),(134,'control App',26),(135,'agreement App',26),(136,'town App',26),(137,'late App',27),(138,'senior App',27),(139,'less App',27),(140,'get App',28),(141,'describe App',28),(142,'wide App',29),(143,'change App',29),(144,'life App',29),(145,'suddenly App',30),(146,'south App',30),(147,'today App',30),(148,'yourself App',31),(149,'often App',31),(150,'ten App',32),(151,'beat App',32),(152,'wall App',33),(153,'beyond App',33),(154,'yeah App',33),(155,'case App',34),(156,'reflect App',34),(163,'eight App',5),(164,'whose App',5),(165,'simple App',5),(166,'page App',6),(167,'week App',6),(168,'contain App',6),(169,'rather App',7),(170,'television App',8),(171,'stand App',8),(172,'record App',9),(173,'animal App',10),(174,'determine App',10),(175,'matter App',11),(176,'end App',12),(177,'finish App',12),(178,'choice App',13),(179,'author App',14),(180,'yes App',14),(181,'ready App',14),(182,'sing App',15),(183,'page App',15),(184,'management App',16),(185,'through App',16),(186,'do App',17),(187,'individual App',17),(188,'organization App',17),(189,'position App',18),(190,'official App',18),(191,'a App',18),(192,'kitchen App',19),(193,'all App',19),(194,'happy App',19),(195,'form App',20),(196,'listen App',21),(197,'hope App',21),(198,'development App',21),(199,'always App',22),(200,'head App',22),(201,'today App',23),(202,'born App',23),(203,'become App',24),(204,'make App',24),(205,'state App',25),(206,'citizen App',25),(207,'management App',25),(208,'health App',26),(209,'fact App',27),(210,'occur App',27),(211,'indicate App',27),(212,'project App',28),(213,'behavior App',28),(214,'adult App',29),(215,'business App',30),(216,'material App',31),(217,'already App',32),(218,'property App',33),(219,'yard App',33),(220,'hospital App',33),(221,'get App',34),(222,'two App',35),(223,'box App',36),(224,'woman App',36),(225,'note App',37),(226,'so App',37),(227,'catch App',38),(228,'before App',39),(229,'nature App',40),(230,'new App',40),(232,'above App',42),(233,'worker App',43),(234,'start App',43),(235,'local App',44),(236,'building App',44),(245,'know App',5),(246,'sense App',6),(247,'rule App',7),(248,'something App',7),(249,'ever App',7),(250,'not App',8),(251,'identify App',8),(252,'everyone App',8),(253,'appear App',9),(254,'civil App',10),(255,'mention App',10),(256,'control App',11),(257,'foot App',11),(258,'seven App',11),(259,'cultural App',12),(260,'brother App',12),(261,'it App',13),(262,'question App',14),(263,'car App',14),(264,'step App',14),(265,'see App',15),(266,'situation App',15),(267,'discover App',16),(268,'east App',16),(269,'treat App',17),(270,'already App',18),(271,'college App',18),(272,'pretty App',19),(273,'few App',20),(274,'future App',20),(275,'base App',20),(276,'kid App',21),(277,'some App',21),(278,'worker App',22),(279,'end App',22),(280,'both App',23),(281,'land App',23),(282,'shake App',23),(283,'sometimes App',24),(284,'store App',25),(285,'project App',25),(286,'brother App',26),(287,'miss App',26),(288,'require App',27),(289,'I App',28),(290,'despite App',29),(291,'kid App',30),(292,'major App',30),(293,'decade App',31),(294,'cover App',32),(295,'tell App',32),(296,'dark App',32),(297,'share App',33),(298,'color App',33),(299,'see App',34),(300,'modern App',35),(301,'size App',36),(302,'war App',37),(303,'house App',37),(304,'whom App',38),(305,'protect App',39),(306,'capital App',40),(310,'process App',42),(311,'catch App',42),(312,'Mrs App',43),(313,'begin App',44),(314,'crime App',44),(315,'political App',45),(316,'become App',45),(317,'newspaper App',45),(318,'be App',46),(319,'building App',46),(320,'day App',47),(321,'appear App',47),(322,'why App',47),(323,'including App',48),(324,'leave App',48),(325,'now App',48),(326,'hard App',49),(327,'green App',49),(328,'admit App',50),(329,'two App',51),(330,'whatever App',52),(331,'world App',53),(332,'but App',53),(333,'artist App',53),(334,'on App',54),(335,'test7',61),(336,'test7',61),(337,'test7',61);
/*!40000 ALTER TABLE `app` ENABLE KEYS */;
UNLOCK TABLES;

--
-- Table structure for table `course`
--

DROP TABLE IF EXISTS `course`;
/*!40101 SET @saved_cs_client     = @@character_set_client */;
/*!50503 SET character_set_client = utf8mb4 */;
CREATE TABLE `course` (
  `idcourse` int NOT NULL AUTO_INCREMENT,
  `courseName` varchar(45) DEFAULT NULL,
  `person_idperson` int NOT NULL,
  PRIMARY KEY (`idcourse`,`person_idperson`),
  KEY `fk_course_person1_idx` (`person_idperson`),
  CONSTRAINT `fk_course_person1` FOREIGN KEY (`person_idperson`) REFERENCES `person` (`idperson`) ON DELETE CASCADE
) ENGINE=InnoDB AUTO_INCREMENT=346 DEFAULT CHARSET=utf8mb3;
/*!40101 SET character_set_client = @saved_cs_client */;

--
-- Dumping data for table `course`
--

LOCK TABLES `course` WRITE;
/*!40000 ALTER TABLE `course` DISABLE KEYS */;
INSERT INTO `course` VALUES (15,'between Course',5),(16,'well Course',5),(17,'past Course',5),(18,'leader Course',6),(19,'save Course',6),(20,'early Course',7),(21,'allow Course',7),(22,'including Course',7),(23,'factor Course',8),(24,'collection Course',9),(25,'however Course',10),(26,'maybe Course',11),(27,'best Course',12),(28,'east Course',12),(29,'call Course',12),(30,'politics Course',13),(31,'home Course',13),(32,'seat Course',13),(33,'play Course',14),(34,'issue Course',14),(42,'new Course',5),(43,'inside Course',5),(44,'capital Course',5),(45,'everyone Course',6),(46,'community Course',7),(47,'single Course',8),(48,'court Course',8),(49,'test Course',9),(50,'behavior Course',9),(51,'company Course',9),(52,'admit Course',10),(53,'shoulder Course',10),(54,'establish Course',10),(55,'ball Course',11),(56,'health Course',11),(57,'than Course',11),(58,'to Course',12),(59,'project Course',13),(60,'professional Course',14),(61,'set Course',14),(62,'discuss Course',15),(63,'data Course',16),(64,'attention Course',16),(65,'onto Course',17),(66,'newspaper Course',17),(67,'course Course',18),(68,'size Course',18),(69,'reason Course',19),(70,'simple Course',20),(71,'contain Course',20),(72,'girl Course',21),(73,'large Course',21),(74,'yard Course',22),(75,'guess Course',22),(76,'left Course',23),(77,'daughter Course',23),(78,'memory Course',24),(83,'cost Course',5),(84,'man Course',5),(85,'she Course',5),(86,'president Course',6),(87,'should Course',6),(88,'member Course',7),(89,'modern Course',8),(90,'financial Course',8),(91,'campaign Course',9),(92,'relate Course',9),(93,'million Course',9),(94,'effort Course',10),(95,'not Course',10),(96,'owner Course',11),(97,'over Course',11),(98,'suffer Course',12),(99,'if Course',12),(100,'lay Course',12),(101,'Mrs Course',13),(102,'organization Course',14),(103,'executive Course',14),(104,'focus Course',14),(105,'west Course',15),(106,'fear Course',16),(107,'tough Course',17),(108,'may Course',17),(109,'second Course',18),(110,'spring Course',19),(111,'decision Course',20),(112,'arrive Course',20),(113,'practice Course',20),(114,'several Course',21),(115,'rate Course',22),(116,'course Course',23),(117,'officer Course',23),(118,'once Course',23),(119,'focus Course',24),(120,'interest Course',24),(121,'audience Course',24),(122,'line Course',25),(123,'threat Course',26),(124,'cold Course',27),(125,'enter Course',27),(126,'recent Course',27),(127,'perform Course',28),(128,'blue Course',29),(129,'beyond Course',29),(130,'fish Course',30),(131,'care Course',31),(132,'view Course',31),(133,'rest Course',31),(134,'ground Course',32),(135,'discussion Course',32),(136,'community Course',32),(137,'bad Course',33),(138,'officer Course',33),(139,'that Course',34),(146,'pull Course',5),(147,'everything Course',5),(148,'blue Course',6),(149,'wind Course',6),(150,'rock Course',6),(151,'seat Course',7),(152,'actually Course',7),(153,'social Course',8),(154,'wonder Course',8),(155,'push Course',8),(156,'during Course',9),(157,'it Course',9),(158,'police Course',9),(159,'ability Course',10),(160,'western Course',10),(161,'hot Course',11),(162,'population Course',11),(163,'education Course',12),(164,'north Course',13),(165,'same Course',14),(166,'Congress Course',14),(167,'whether Course',14),(168,'knowledge Course',15),(169,'prepare Course',16),(170,'specific Course',16),(171,'keep Course',16),(172,'entire Course',17),(173,'picture Course',17),(174,'man Course',18),(175,'lawyer Course',18),(176,'story Course',18),(177,'out Course',19),(178,'many Course',19),(179,'store Course',20),(180,'article Course',21),(181,'grow Course',21),(182,'team Course',21),(183,'dog Course',22),(184,'water Course',23),(185,'nothing Course',24),(186,'contain Course',24),(187,'different Course',25),(188,'research Course',26),(189,'risk Course',26),(190,'should Course',26),(191,'man Course',27),(192,'likely Course',27),(193,'half Course',28),(194,'movement Course',28),(195,'result Course',28),(196,'speak Course',29),(197,'place Course',30),(198,'any Course',30),(199,'hotel Course',31),(200,'before Course',31),(201,'save Course',32),(202,'carry Course',33),(203,'many Course',33),(204,'gun Course',34),(205,'too Course',34),(206,'method Course',35),(207,'foot Course',35),(208,'citizen Course',35),(209,'surface Course',36),(210,'near Course',36),(211,'reflect Course',37),(212,'perhaps Course',37),(213,'table Course',38),(214,'final Course',38),(215,'huge Course',39),(216,'together Course',39),(217,'five Course',40),(220,'marriage Course',42),(221,'almost Course',42),(222,'service Course',43),(223,'really Course',43),(224,'front Course',44),(225,'new Course',44),(226,'hope Course',44),(235,'poor Course',5),(236,'trade Course',5),(237,'system Course',6),(238,'control Course',6),(239,'drive Course',7),(240,'service Course',7),(241,'list Course',7),(242,'wind Course',8),(243,'weight Course',8),(244,'so Course',9),(245,'protect Course',9),(246,'trouble Course',9),(247,'consider Course',10),(248,'grow Course',11),(249,'paper Course',11),(250,'blood Course',11),(251,'order Course',12),(252,'of Course',12),(253,'claim Course',12),(254,'stay Course',13),(255,'ever Course',13),(256,'everything Course',13),(257,'cultural Course',14),(258,'agent Course',15),(259,'address Course',15),(260,'bring Course',16),(261,'me Course',16),(262,'return Course',16),(263,'yet Course',17),(264,'home Course',17),(265,'effect Course',18),(266,'song Course',18),(267,'Mr Course',19),(268,'couple Course',20),(269,'stuff Course',20),(270,'attack Course',20),(271,'condition Course',21),(272,'have Course',21),(273,'make Course',21),(274,'wear Course',22),(275,'end Course',22),(276,'senior Course',23),(277,'think Course',23),(278,'indicate Course',24),(279,'cold Course',24),(280,'local Course',25),(281,'allow Course',26),(282,'approach Course',26),(283,'social Course',27),(284,'start Course',27),(285,'attack Course',27),(286,'although Course',28),(287,'win Course',28),(288,'force Course',29),(289,'perform Course',29),(290,'discussion Course',29),(291,'again Course',30),(292,'letter Course',30),(293,'situation Course',31),(294,'want Course',32),(295,'agency Course',33),(296,'Democrat Course',33),(297,'suddenly Course',34),(298,'throw Course',35),(299,'positive Course',35),(300,'yard Course',36),(301,'food Course',36),(302,'shoulder Course',36),(303,'report Course',37),(304,'hair Course',38),(305,'course Course',38),(306,'feel Course',39),(307,'station Course',39),(308,'high Course',40),(309,'final Course',40),(310,'first Course',40),(313,'eat Course',42),(314,'boy Course',42),(315,'toward Course',43),(316,'personal Course',43),(317,'want Course',43),(318,'continue Course',44),(319,'nature Course',44),(320,'place Course',44),(321,'manager Course',45),(322,'use Course',45),(323,'nation Course',46),(324,'rather Course',46),(325,'talk Course',46),(326,'your Course',47),(327,'dark Course',47),(328,'sit Course',48),(329,'east Course',48),(330,'yard Course',48),(331,'it Course',49),(332,'still Course',49),(333,'any Course',49),(334,'expert Course',50),(335,'sometimes Course',50),(336,'consumer Course',50),(337,'party Course',51),(338,'management Course',51),(339,'rock Course',52),(340,'watch Course',53),(341,'case Course',53),(342,'lose Course',54),(343,'test7',61),(344,'test7',61),(345,'test7',61);
/*!40000 ALTER TABLE `course` ENABLE KEYS */;
UNLOCK TABLES;

--
-- Table structure for table `hobby`
--

DROP TABLE IF EXISTS `hobby`;
/*!40101 SET @saved_cs_client     = @@character_set_client */;
/*!50503 SET character_set_client = utf8mb4 */;
CREATE TABLE `hobby` (
  `idhobby` int NOT NULL AUTO_INCREMENT,
  `hobbyName` varchar(45) DEFAULT NULL,
  `person_idperson` int NOT NULL,
  PRIMARY KEY (`idhobby`,`person_idperson`),
  KEY `fk_hobby_person1_idx` (`person_idperson`),
  CONSTRAINT `fk_hobby_person1` FOREIGN KEY (`person_idperson`) REFERENCES `person` (`idperson`) ON DELETE CASCADE
) ENGINE=InnoDB AUTO_INCREMENT=351 DEFAULT CHARSET=utf8mb3;
/*!40101 SET character_set_client = @saved_cs_client */;

--
-- Dumping data for table `hobby`
--

LOCK TABLES `hobby` WRITE;
/*!40000 ALTER TABLE `hobby` DISABLE KEYS */;
INSERT INTO `hobby` VALUES (17,'suddenly Hobby',5),(18,'close Hobby',5),(19,'smile Hobby',6),(20,'involve Hobby',6),(21,'some Hobby',7),(22,'win Hobby',7),(23,'course Hobby',8),(24,'stock Hobby',8),(25,'painting Hobby',9),(26,'president Hobby',9),(27,'career Hobby',10),(28,'court Hobby',10),(29,'no Hobby',10),(30,'nor Hobby',11),(31,'course Hobby',12),(32,'operation Hobby',13),(33,'protect Hobby',14),(34,'question Hobby',14),(40,'from Hobby',5),(41,'leader Hobby',5),(42,'employee Hobby',6),(43,'mother Hobby',6),(44,'it Hobby',6),(45,'exactly Hobby',7),(46,'two Hobby',8),(47,'far Hobby',8),(48,'interest Hobby',8),(49,'remain Hobby',9),(50,'mouth Hobby',9),(51,'behind Hobby',10),(52,'until Hobby',11),(53,'statement Hobby',11),(54,'sport Hobby',12),(55,'business Hobby',12),(56,'reduce Hobby',13),(57,'foreign Hobby',14),(58,'of Hobby',14),(59,'choose Hobby',15),(60,'whatever Hobby',15),(61,'charge Hobby',16),(62,'sister Hobby',17),(63,'measure Hobby',17),(64,'industry Hobby',17),(65,'stay Hobby',18),(66,'size Hobby',18),(67,'experience Hobby',18),(68,'board Hobby',19),(69,'owner Hobby',19),(70,'into Hobby',19),(71,'world Hobby',20),(72,'manager Hobby',20),(73,'trip Hobby',21),(74,'writer Hobby',21),(75,'campaign Hobby',21),(76,'great Hobby',22),(77,'especially Hobby',23),(78,'person Hobby',24),(79,'range Hobby',24),(86,'require Hobby',5),(87,'this Hobby',5),(88,'clear Hobby',5),(89,'high Hobby',6),(90,'charge Hobby',6),(91,'paper Hobby',6),(92,'write Hobby',7),(93,'reflect Hobby',7),(94,'sister Hobby',8),(95,'daughter Hobby',8),(96,'trouble Hobby',9),(97,'where Hobby',9),(98,'matter Hobby',9),(99,'lay Hobby',10),(100,'fear Hobby',11),(101,'civil Hobby',11),(102,'them Hobby',11),(103,'will Hobby',12),(104,'cut Hobby',12),(105,'everything Hobby',12),(106,'finally Hobby',13),(107,'already Hobby',13),(108,'eat Hobby',14),(109,'new Hobby',14),(110,'artist Hobby',15),(111,'degree Hobby',16),(112,'true Hobby',16),(113,'available Hobby',17),(114,'lot Hobby',18),(115,'often Hobby',18),(116,'suffer Hobby',19),(117,'local Hobby',19),(118,'set Hobby',20),(119,'late Hobby',20),(120,'reflect Hobby',21),(121,'create Hobby',21),(122,'physical Hobby',21),(123,'technology Hobby',22),(124,'close Hobby',22),(125,'raise Hobby',22),(126,'look Hobby',23),(127,'agree Hobby',23),(128,'upon Hobby',23),(129,'involve Hobby',24),(130,'still Hobby',25),(131,'safe Hobby',25),(132,'even Hobby',26),(133,'single Hobby',26),(134,'conference Hobby',27),(135,'administration Hobby',27),(136,'control Hobby',27),(137,'cut Hobby',28),(138,'task Hobby',29),(139,'political Hobby',30),(140,'early Hobby',30),(141,'place Hobby',30),(142,'value Hobby',31),(143,'amount Hobby',31),(144,'game Hobby',31),(145,'oil Hobby',32),(146,'mean Hobby',32),(147,'others Hobby',32),(148,'best Hobby',33),(149,'major Hobby',34),(150,'majority Hobby',34),(159,'decision Hobby',5),(160,'place Hobby',5),(161,'benefit Hobby',6),(162,'whose Hobby',6),(163,'similar Hobby',6),(164,'tax Hobby',7),(165,'wall Hobby',8),(166,'table Hobby',9),(167,'rest Hobby',9),(168,'personal Hobby',9),(169,'middle Hobby',10),(170,'court Hobby',11),(171,'far Hobby',12),(172,'to Hobby',12),(173,'performance Hobby',13),(174,'here Hobby',14),(175,'realize Hobby',14),(176,'local Hobby',14),(177,'sister Hobby',15),(178,'stay Hobby',15),(179,'stuff Hobby',15),(180,'evening Hobby',16),(181,'group Hobby',17),(182,'skin Hobby',18),(183,'medical Hobby',18),(184,'but Hobby',19),(185,'particular Hobby',19),(186,'indicate Hobby',20),(187,'serious Hobby',20),(188,'although Hobby',21),(189,'beat Hobby',21),(190,'fact Hobby',21),(191,'nation Hobby',22),(192,'they Hobby',22),(193,'nice Hobby',22),(194,'expect Hobby',23),(195,'firm Hobby',23),(196,'radio Hobby',24),(197,'truth Hobby',25),(198,'candidate Hobby',25),(199,'house Hobby',26),(200,'color Hobby',26),(201,'major Hobby',27),(202,'soon Hobby',27),(203,'event Hobby',27),(204,'peace Hobby',28),(205,'describe Hobby',29),(206,'which Hobby',29),(207,'record Hobby',29),(208,'remain Hobby',30),(209,'manage Hobby',31),(210,'benefit Hobby',31),(211,'among Hobby',31),(212,'experience Hobby',32),(213,'thought Hobby',32),(214,'may Hobby',33),(215,'cup Hobby',34),(216,'during Hobby',35),(217,'run Hobby',36),(218,'economy Hobby',37),(219,'hit Hobby',37),(220,'nearly Hobby',37),(221,'range Hobby',38),(222,'stay Hobby',38),(223,'discussion Hobby',39),(224,'product Hobby',39),(225,'speech Hobby',39),(226,'tree Hobby',40),(227,'history Hobby',40),(228,'indicate Hobby',40),(232,'game Hobby',42),(233,'national Hobby',42),(234,'avoid Hobby',43),(235,'quickly Hobby',44),(236,'serious Hobby',44),(237,'it Hobby',44),(243,'theory Hobby',5),(244,'kind Hobby',6),(245,'read Hobby',6),(246,'at Hobby',7),(247,'carry Hobby',7),(248,'try Hobby',8),(249,'care Hobby',8),(250,'skill Hobby',9),(251,'before Hobby',9),(252,'away Hobby',9),(253,'couple Hobby',10),(254,'lawyer Hobby',10),(255,'wonder Hobby',10),(256,'face Hobby',11),(257,'floor Hobby',11),(258,'use Hobby',11),(259,'cold Hobby',12),(260,'worry Hobby',13),(261,'relate Hobby',13),(262,'change Hobby',13),(263,'pressure Hobby',14),(264,'health Hobby',14),(265,'listen Hobby',15),(266,'across Hobby',15),(267,'story Hobby',16),(268,'day Hobby',17),(269,'maintain Hobby',17),(270,'describe Hobby',17),(271,'color Hobby',18),(272,'born Hobby',18),(273,'bill Hobby',19),(274,'experience Hobby',19),(275,'fear Hobby',19),(276,'listen Hobby',20),(277,'agreement Hobby',20),(278,'pretty Hobby',20),(279,'ten Hobby',21),(280,'five Hobby',22),(281,'job Hobby',22),(282,'under Hobby',23),(283,'pick Hobby',23),(284,'reach Hobby',24),(285,'fact Hobby',25),(286,'side Hobby',25),(287,'base Hobby',25),(288,'month Hobby',26),(289,'front Hobby',27),(290,'political Hobby',27),(291,'around Hobby',28),(292,'agent Hobby',28),(293,'everyone Hobby',28),(294,'gun Hobby',29),(295,'thus Hobby',29),(296,'one Hobby',30),(297,'help Hobby',30),(298,'ability Hobby',31),(299,'most Hobby',31),(300,'share Hobby',32),(301,'a Hobby',32),(302,'special Hobby',33),(303,'beat Hobby',34),(304,'respond Hobby',34),(305,'special Hobby',35),(306,'energy Hobby',35),(307,'current Hobby',36),(308,'couple Hobby',37),(309,'success Hobby',37),(310,'lay Hobby',38),(311,'few Hobby',39),(312,'partner Hobby',39),(313,'condition Hobby',39),(314,'significant Hobby',40),(318,'nation Hobby',42),(319,'your Hobby',42),(320,'could Hobby',42),(321,'whom Hobby',43),(322,'short Hobby',44),(323,'idea Hobby',44),(324,'degree Hobby',44),(325,'third Hobby',45),(326,'page Hobby',46),(327,'choose Hobby',46),(328,'happen Hobby',46),(329,'movement Hobby',47),(330,'important Hobby',47),(331,'home Hobby',47),(332,'success Hobby',48),(333,'successful Hobby',49),(334,'weight Hobby',49),(335,'nearly Hobby',49),(336,'pick Hobby',50),(337,'agent Hobby',50),(338,'technology Hobby',50),(339,'per Hobby',51),(340,'sometimes Hobby',52),(341,'pressure Hobby',52),(342,'clear Hobby',52),(343,'marriage Hobby',53),(344,'single Hobby',53),(345,'back Hobby',54),(346,'position Hobby',54),(347,'store Hobby',54),(348,'test7',61),(349,'test7',61),(350,'test7',61);
/*!40000 ALTER TABLE `hobby` ENABLE KEYS */;
UNLOCK TABLES;

--
-- Table structure for table `language`
--

DROP TABLE IF EXISTS `language`;
/*!40101 SET @saved_cs_client     = @@character_set_client */;
/*!50503 SET character_set_client = utf8mb4 */;
CREATE TABLE `language` (
  `idlanguage` int NOT NULL AUTO_INCREMENT,
  `languageName` varchar(45) DEFAULT NULL,
  `person_idperson` int NOT NULL,
  PRIMARY KEY (`idlanguage`,`person_idperson`),
  KEY `fk_language_person1_idx` (`person_idperson`),
  CONSTRAINT `fk_language_person1` FOREIGN KEY (`person_idperson`) REFERENCES `person` (`idperson`) ON DELETE CASCADE
) ENGINE=InnoDB AUTO_INCREMENT=342 DEFAULT CHARSET=utf8mb3;
/*!40101 SET character_set_client = @saved_cs_client */;

--
-- Dumping data for table `language`
--

LOCK TABLES `language` WRITE;
/*!40000 ALTER TABLE `language` DISABLE KEYS */;
INSERT INTO `language` VALUES (18,'available Language',5),(19,'policy Language',6),(20,'ask Language',7),(21,'special Language',8),(22,'goal Language',8),(23,'run Language',8),(24,'themselves Language',9),(25,'run Language',9),(26,'become Language',9),(27,'whether Language',10),(28,'find Language',11),(29,'organization Language',11),(30,'letter Language',12),(31,'put Language',12),(32,'staff Language',12),(33,'machine Language',13),(34,'foot Language',14),(35,'already Language',14),(44,'particularly Language',5),(45,'baby Language',5),(46,'after Language',5),(47,'bit Language',6),(48,'movement Language',6),(49,'behind Language',7),(50,'up Language',8),(51,'interest Language',9),(52,'product Language',9),(53,'color Language',9),(54,'good Language',10),(55,'but Language',10),(56,'raise Language',10),(57,'in Language',11),(58,'blue Language',11),(59,'safe Language',12),(60,'believe Language',12),(61,'material Language',13),(62,'include Language',14),(63,'both Language',14),(64,'civil Language',14),(65,'bill Language',15),(66,'especially Language',15),(67,'young Language',15),(68,'anything Language',16),(69,'friend Language',17),(70,'develop Language',18),(71,'upon Language',19),(72,'least Language',19),(73,'social Language',20),(74,'minute Language',21),(75,'follow Language',22),(76,'prove Language',22),(77,'agency Language',22),(78,'political Language',23),(79,'answer Language',23),(80,'issue Language',24),(81,'hospital Language',24),(82,'size Language',24),(89,'begin Language',5),(90,'notice Language',6),(91,'region Language',7),(92,'rate Language',7),(93,'control Language',7),(94,'nor Language',8),(95,'job Language',9),(96,'after Language',10),(97,'writer Language',10),(98,'specific Language',10),(99,'interview Language',11),(100,'identify Language',12),(101,'news Language',12),(102,'fund Language',12),(103,'natural Language',13),(104,'win Language',13),(105,'result Language',13),(106,'need Language',14),(107,'happy Language',15),(108,'through Language',15),(109,'life Language',15),(110,'cultural Language',16),(111,'generation Language',16),(112,'impact Language',16),(113,'democratic Language',17),(114,'bill Language',17),(115,'product Language',18),(116,'ground Language',18),(117,'hotel Language',19),(118,'know Language',20),(119,'kind Language',20),(120,'yourself Language',21),(121,'model Language',21),(122,'forward Language',22),(123,'few Language',22),(124,'most Language',23),(125,'manager Language',24),(126,'how Language',24),(127,'change Language',25),(128,'money Language',25),(129,'boy Language',25),(130,'these Language',26),(131,'such Language',26),(132,'behavior Language',26),(133,'military Language',27),(134,'break Language',27),(135,'sing Language',28),(136,'paper Language',28),(137,'role Language',28),(138,'lead Language',29),(139,'actually Language',30),(140,'candidate Language',31),(141,'need Language',31),(142,'surface Language',31),(143,'response Language',32),(144,'authority Language',32),(145,'action Language',33),(146,'number Language',33),(147,'grow Language',33),(148,'me Language',34),(149,'keep Language',34),(150,'with Language',34),(155,'stuff Language',5),(156,'low Language',6),(157,'agreement Language',6),(158,'safe Language',7),(159,'whether Language',7),(160,'according Language',8),(161,'as Language',9),(162,'pretty Language',9),(163,'administration Language',10),(164,'money Language',11),(165,'adult Language',12),(166,'firm Language',12),(167,'pay Language',13),(168,'never Language',13),(169,'beautiful Language',13),(170,'walk Language',14),(171,'effect Language',14),(172,'agree Language',14),(173,'sort Language',15),(174,'figure Language',15),(175,'blood Language',15),(176,'reflect Language',16),(177,'war Language',16),(178,'just Language',17),(179,'win Language',18),(180,'animal Language',18),(181,'late Language',18),(182,'evening Language',19),(183,'store Language',20),(184,'too Language',21),(185,'enjoy Language',21),(186,'page Language',21),(187,'point Language',22),(188,'after Language',22),(189,'important Language',23),(190,'too Language',24),(191,'bar Language',24),(192,'both Language',24),(193,'national Language',25),(194,'outside Language',26),(195,'happy Language',27),(196,'physical Language',27),(197,'performance Language',28),(198,'born Language',28),(199,'east Language',29),(200,'especially Language',29),(201,'plan Language',30),(202,'identify Language',30),(203,'body Language',31),(204,'keep Language',31),(205,'radio Language',31),(206,'someone Language',32),(207,'policy Language',32),(208,'north Language',32),(209,'decision Language',33),(210,'great Language',34),(211,'happy Language',34),(212,'eat Language',34),(213,'enjoy Language',35),(214,'new Language',36),(215,'able Language',36),(216,'meeting Language',37),(217,'mean Language',38),(218,'oil Language',38),(219,'six Language',39),(220,'though Language',40),(224,'stand Language',42),(225,'your Language',43),(226,'painting Language',43),(227,'staff Language',43),(228,'several Language',44),(234,'option Language',5),(235,'receive Language',5),(236,'himself Language',5),(237,'such Language',6),(238,'two Language',6),(239,'each Language',7),(240,'over Language',7),(241,'difficult Language',8),(242,'series Language',9),(243,'here Language',9),(244,'eight Language',9),(245,'memory Language',10),(246,'worry Language',10),(247,'herself Language',11),(248,'person Language',12),(249,'evening Language',12),(250,'nothing Language',12),(251,'stop Language',13),(252,'explain Language',14),(253,'hit Language',14),(254,'expert Language',14),(255,'feeling Language',15),(256,'deal Language',15),(257,'cause Language',15),(258,'foot Language',16),(259,'fund Language',17),(260,'us Language',17),(261,'school Language',18),(262,'attention Language',18),(263,'pass Language',19),(264,'artist Language',19),(265,'west Language',20),(266,'entire Language',20),(267,'ever Language',20),(268,'offer Language',21),(269,'hundred Language',21),(270,'me Language',21),(271,'tax Language',22),(272,'public Language',22),(273,'company Language',23),(274,'toward Language',23),(275,'campaign Language',24),(276,'game Language',24),(277,'section Language',24),(278,'sign Language',25),(279,'thank Language',25),(280,'change Language',26),(281,'good Language',26),(282,'from Language',26),(283,'couple Language',27),(284,'push Language',27),(285,'understand Language',28),(286,'situation Language',28),(287,'house Language',29),(288,'unit Language',29),(289,'nature Language',29),(290,'standard Language',30),(291,'cause Language',30),(292,'happen Language',31),(293,'poor Language',32),(294,'note Language',33),(295,'three Language',33),(296,'one Language',33),(297,'number Language',34),(298,'night Language',34),(299,'medical Language',34),(300,'main Language',35),(301,'it Language',36),(302,'improve Language',37),(303,'here Language',37),(304,'may Language',38),(305,'election Language',38),(306,'good Language',39),(307,'stay Language',39),(308,'meeting Language',39),(309,'rise Language',40),(311,'price Language',42),(312,'clearly Language',42),(313,'hear Language',43),(314,'mention Language',43),(315,'best Language',44),(316,'word Language',45),(317,'truth Language',46),(318,'right Language',46),(319,'goal Language',46),(320,'people Language',47),(321,'occur Language',47),(322,'question Language',47),(323,'ahead Language',48),(324,'early Language',49),(325,'whether Language',49),(326,'question Language',49),(327,'fill Language',50),(328,'under Language',50),(329,'property Language',51),(330,'data Language',51),(331,'half Language',51),(332,'consider Language',52),(333,'prevent Language',53),(334,'year Language',53),(335,'off Language',53),(336,'mind Language',54),(337,'reach Language',54),(338,'poor Language',54),(339,'test7',61),(340,'test7',61),(341,'test7',61);
/*!40000 ALTER TABLE `language` ENABLE KEYS */;
UNLOCK TABLES;

--
-- Table structure for table `person`
--

DROP TABLE IF EXISTS `person`;
/*!40101 SET @saved_cs_client     = @@character_set_client */;
/*!50503 SET character_set_client = utf8mb4 */;
CREATE TABLE `person` (
  `idperson` int NOT NULL AUTO_INCREMENT,
  `fName` varchar(45) DEFAULT NULL,
  `lName` varchar(45) DEFAULT NULL,
  `Address` varchar(90) DEFAULT NULL,
  `city` varchar(45) DEFAULT NULL,
  `country` varchar(45) DEFAULT NULL,
  `Email` varchar(45) DEFAULT NULL,
  PRIMARY KEY (`idperson`)
) ENGINE=InnoDB AUTO_INCREMENT=62 DEFAULT CHARSET=utf8mb3;
/*!40101 SET character_set_client = @saved_cs_client */;

--
-- Dumping data for table `person`
--

LOCK TABLES `person` WRITE;
/*!40000 ALTER TABLE `person` DISABLE KEYS */;
INSERT INTO `person` VALUES (5,'Luke','Reed','PSC 3885, Box 0067\nAPO AP 21484','Cooktown','Reunion','zacharyjohnston@example.org'),(6,'Thomas','Rodriguez','10016 Gibbs Dale Apt. 092\nMaxwellhaven, FL 40874','East Gordon','Netherlands Antilles','castanedajonathan@example.com'),(7,'Mary','Rhodes','10916 Olivia Squares\nEast Thomas, TX 63194','West Lisa','Maldives','virginia14@example.com'),(8,'Chelsey','White','384 Rebecca Freeway Suite 814\nEast John, OK 91726','West Jessicaburgh','French Southern Territories','marthagutierrez@example.com'),(9,'Paula','Sullivan','Unit 9626 Box 4076\nDPO AE 74412','Michelebury','Congo','tara16@example.net'),(10,'Andrew','Roberts','674 Connie Brook Apt. 067\nSmithshire, TN 12819','Greggstad','Madagascar','hartelizabeth@example.org'),(11,'Timothy','Richardson','3035 Kevin Motorway\nSouth Anthony, RI 48754','Port Douglasshire','Niger','alexandriawatts@example.com'),(12,'Joseph','Robertson','23377 Sheila Spur\nMariaville, AR 30014','Eileenbury','Bosnia and Herzegovina','jensendaniel@example.net'),(13,'Grace','Johnson','Unit 7153 Box 3971\nDPO AP 42724','Jameschester','French Polynesia','fischervalerie@example.net'),(14,'Craig','Williams','USS Lopez\nFPO AE 12634','Port Charles','United Kingdom','jenkinsalexander@example.org'),(15,'Richard','Herman','18041 Adkins Fields\nNorth Catherine, NY 79631','North Luis','Saint Martin','pmora@example.org'),(16,'Mark','Daniel','679 Cox Views Suite 693\nAshleyton, WV 64053','Wrightside','Ecuador','joel25@example.com'),(17,'Nicole','Pratt','7458 Kyle Junction Apt. 730\nSolomonland, GU 45913','East Andrew','Taiwan','lindsay08@example.net'),(18,'Michael','Beck','12589 Harper Cliff Apt. 865\nPorterstad, NH 70817','Darrellside','Yemen','elizabethmartinez@example.org'),(19,'Wesley','Herring','475 Ortiz Island\nMatthewhaven, NC 98954','Austinside','North Macedonia','idavis@example.com'),(20,'William','Elliott','536 Goodman Street Apt. 643\nPattersonburgh, NH 65594','Jacquelineberg','France','laurasmith@example.net'),(21,'Beth','Meyers','PSC 4541, Box 5210\nAPO AP 63455','Port Julieshire','Poland','troy85@example.org'),(22,'Shelly','Conway','1431 Davis Squares\nNew Bradleyville, WV 15632','Matthewton','Burkina Faso','kelly18@example.org'),(23,'Juan','Jones','0079 Baxter Manor\nRuizberg, GA 89002','Nicolemouth','Qatar','parkerandrew@example.com'),(24,'Donald','Patterson','317 Kelly Ridge Apt. 801\nCarrieside, DE 65347','Jessicahaven','Cambodia','jasonbanks@example.net'),(25,'Sarah','Lee','49382 Sara Street Suite 944\nSmithland, MP 47321','North Virginiamouth','Switzerland','hgarcia@example.org'),(26,'Misty','Ramirez','947 Glen Roads Suite 770\nAllisonfurt, GA 13430','West Joanneborough','South Georgia and the South Sandwich Islands','mackenziearias@example.com'),(27,'Amber','Haynes','48562 David Lodge Apt. 299\nPort Ricardofurt, IA 55040','Port Bethmouth','San Marino','garciaanthony@example.net'),(28,'Francisco','Rice','942 Evan Light\nPiercestad, IL 46369','Catherineville','Cayman Islands','lisa92@example.net'),(29,'Anthony','Fisher','0010 Rowe Radial Apt. 143\nEast Tanya, WA 16639','New Joshuaport','Qatar','spenceramanda@example.com'),(30,'Annette','Romero','5620 Bradshaw Rapid\nLake Phillipfurt, MP 61847','Drakechester','Uzbekistan','donna38@example.org'),(31,'Cassandra','Terrell','17083 Schroeder Mountains\nLake Samanthastad, OK 23177','Martinshire','Afghanistan','alyssawells@example.net'),(32,'Kathy','Davis','PSC 6710, Box 1056\nAPO AA 57631','New Dorothyport','Belize','jesuskennedy@example.org'),(33,'Jaime','Watson','479 Bartlett Court Suite 330\nNorth Jason, NJ 55210','Port Justin','Albania','melissaruiz@example.com'),(34,'Aaron','Flowers','8152 Morse Ford Apt. 837\nJohnchester, VT 01366','Lake Benjamin','Jordan','jennifer90@example.com'),(35,'Christopher','Allen','13343 Becky Shores\nMartinshire, CA 76926','Whiteburgh','Afghanistan','xharrison@example.org'),(36,'Nathan','Rogers','81075 Alexis Pass Apt. 429\nSanchezmouth, IL 80528','New Donnachester','Greenland','aprilherring@example.net'),(37,'Cynthia','Velez','41868 Miller Orchard Apt. 007\nLauraton, ND 27361','South Scottchester','Germany','hornealicia@example.org'),(38,'Vanessa','Diaz','535 Sean Trace\nCarpentermouth, LA 76687','New Roseborough','Slovakia (Slovak Republic)','guzmandavid@example.org'),(39,'Jeffery','Acosta','867 Johnson Neck Suite 768\nMeganmouth, FL 73635','East Jonathan','New Zealand','meganmoore@example.com'),(40,'Patrick','Calderon','07476 Cuevas Crescent Apt. 509\nSmithville, MS 71240','Jeremymouth','Grenada','castillolisa@example.com'),(42,'Luis','Castillo','06303 Jennifer Knolls\nEast Brandonfurt, OR 19614','East Jamie','Jamaica','tracy43@example.com'),(43,'Susan','Brown','7670 Gordon Expressway\nPort Hannah, SC 26822','East Jamestown','Solomon Islands','richard30@example.org'),(44,'Rebecca','Kelly','PSC 2212, Box 6769\nAPO AA 18595','Doughertyville','Jersey','nicole31@example.net'),(45,'Renee','Neal','1852 Holmes Lakes Suite 847\nNew Raymond, AL 02014','Baileyland','Fiji','qcameron@example.com'),(46,'Eric','Williams','95127 Steven Parkway Apt. 360\nPort Elizabethborough, NM 13499','Angelaville','Samoa','annaharrison@example.net'),(47,'Nicholas','Choi','557 Heather Divide\nNinaborough, NJ 90347','North Ashley','Palau','flambert@example.com'),(48,'Justin','Johnston','383 Obrien Run\nHigginsburgh, IA 78708','West Carla','Palestinian Territory','marialevy@example.org'),(49,'Adam','Moran','376 Gibson Port\nCarlahaven, ID 64503','Phillipville','Iran','thomasjason@example.org'),(50,'Ricky','Harrison','9537 Warren Plains Suite 813\nBarneshaven, PR 12760','East Brad','Somalia','pattersonmichelle@example.org'),(51,'Andrew','Guerrero','778 Baldwin Valleys Suite 874\nLake Seanborough, FM 01964','Lake Stephanieberg','Christmas Island','devin57@example.net'),(52,'Amy','Ellis','731 Timothy Lakes\nKaneton, DC 16643','New Tyler','Pakistan','sandralopez@example.net'),(53,'Robert','Turner','7920 Delgado Cove\nJaniceville, ID 23002','Lake Lindaland','Saudi Arabia','lozanoisaiah@example.com'),(54,'Ashley','Brown','28452 Jimenez Pike\nJayburgh, MI 01337','Kiddville','Liberia','xhill@example.com'),(61,'John','Pay','Shaban Eid','Zagazig','Egypt','uojohn123@gmail.com');
/*!40000 ALTER TABLE `person` ENABLE KEYS */;
UNLOCK TABLES;

--
-- Table structure for table `project`
--

DROP TABLE IF EXISTS `project`;
/*!40101 SET @saved_cs_client     = @@character_set_client */;
/*!50503 SET character_set_client = utf8mb4 */;
CREATE TABLE `project` (
  `idproject` int NOT NULL AUTO_INCREMENT,
  `projectName` varchar(45) DEFAULT NULL,
  `person_idperson` int NOT NULL,
  PRIMARY KEY (`idproject`,`person_idperson`),
  KEY `fk_project_person1_idx` (`person_idperson`),
  CONSTRAINT `fk_project_person1` FOREIGN KEY (`person_idperson`) REFERENCES `person` (`idperson`) ON DELETE CASCADE
) ENGINE=InnoDB AUTO_INCREMENT=349 DEFAULT CHARSET=utf8mb3;
/*!40101 SET character_set_client = @saved_cs_client */;

--
-- Dumping data for table `project`
--

LOCK TABLES `project` WRITE;
/*!40000 ALTER TABLE `project` DISABLE KEYS */;
INSERT INTO `project` VALUES (14,'want Project',5),(15,'gun Project',5),(16,'yeah Project',5),(17,'hot Project',6),(18,'project Project',6),(19,'easy Project',6),(20,'the Project',7),(21,'care Project',8),(22,'check Project',8),(23,'reason Project',8),(24,'down Project',9),(25,'just Project',10),(26,'still Project',10),(27,'generation Project',10),(28,'reality Project',11),(29,'data Project',12),(30,'skill Project',13),(31,'process Project',13),(32,'create Project',13),(33,'long Project',14),(34,'box Project',14),(39,'then Project',5),(40,'trial Project',5),(41,'start Project',5),(42,'support Project',6),(43,'by Project',6),(44,'management Project',6),(45,'common Project',7),(46,'require Project',7),(47,'plan Project',8),(48,'more Project',8),(49,'talk Project',9),(50,'morning Project',9),(51,'natural Project',9),(52,'within Project',10),(53,'woman Project',10),(54,'degree Project',11),(55,'return Project',11),(56,'prevent Project',12),(57,'before Project',12),(58,'third Project',12),(59,'ball Project',13),(60,'hear Project',13),(61,'successful Project',14),(62,'eye Project',14),(63,'team Project',14),(64,'forward Project',15),(65,'yard Project',15),(66,'arm Project',15),(67,'she Project',16),(68,'know Project',17),(69,'unit Project',17),(70,'clear Project',18),(71,'window Project',18),(72,'low Project',18),(73,'need Project',19),(74,'section Project',19),(75,'second Project',19),(76,'others Project',20),(77,'black Project',21),(78,'knowledge Project',22),(79,'response Project',22),(80,'boy Project',23),(81,'southern Project',24),(82,'phone Project',24),(83,'land Project',24),(92,'north Project',5),(93,'face Project',5),(94,'capital Project',6),(95,'operation Project',6),(96,'indeed Project',7),(97,'itself Project',7),(98,'including Project',7),(99,'knowledge Project',8),(100,'of Project',8),(101,'student Project',9),(102,'indicate Project',9),(103,'two Project',9),(104,'author Project',10),(105,'may Project',10),(106,'crime Project',10),(107,'today Project',11),(108,'movie Project',11),(109,'if Project',12),(110,'lawyer Project',12),(111,'keep Project',12),(112,'fill Project',13),(113,'mention Project',13),(114,'relate Project',13),(115,'structure Project',14),(116,'imagine Project',15),(117,'plan Project',15),(118,'whom Project',16),(119,'sing Project',16),(120,'up Project',17),(121,'factor Project',17),(122,'but Project',18),(123,'candidate Project',18),(124,'now Project',18),(125,'six Project',19),(126,'general Project',19),(127,'interest Project',20),(128,'when Project',20),(129,'us Project',20),(130,'between Project',21),(131,'class Project',21),(132,'stay Project',21),(133,'truth Project',22),(134,'usually Project',23),(135,'shake Project',23),(136,'service Project',23),(137,'production Project',24),(138,'much Project',24),(139,'institution Project',25),(140,'maybe Project',25),(141,'serve Project',25),(142,'president Project',26),(143,'enough Project',26),(144,'trial Project',27),(145,'marriage Project',27),(146,'response Project',27),(147,'national Project',28),(148,'scene Project',28),(149,'throughout Project',28),(150,'billion Project',29),(151,'discuss Project',29),(152,'both Project',29),(153,'off Project',30),(154,'attorney Project',30),(155,'lose Project',31),(156,'media Project',32),(157,'customer Project',32),(158,'region Project',32),(159,'common Project',33),(160,'side Project',33),(161,'consumer Project',34),(162,'form Project',34),(169,'might Project',5),(170,'guess Project',5),(171,'network Project',5),(172,'serve Project',6),(173,'help Project',7),(174,'establish Project',7),(175,'choice Project',8),(176,'those Project',8),(177,'shoulder Project',9),(178,'scene Project',9),(179,'activity Project',9),(180,'will Project',10),(181,'order Project',10),(182,'anything Project',10),(183,'himself Project',11),(184,'friend Project',12),(185,'step Project',13),(186,'kitchen Project',14),(187,'program Project',14),(188,'technology Project',14),(189,'age Project',15),(190,'consumer Project',15),(191,'series Project',15),(192,'low Project',16),(193,'worry Project',17),(194,'first Project',17),(195,'war Project',18),(196,'daughter Project',18),(197,'field Project',18),(198,'tell Project',19),(199,'recently Project',19),(200,'sing Project',19),(201,'support Project',20),(202,'red Project',20),(203,'seek Project',20),(204,'seem Project',21),(205,'hard Project',22),(206,'worry Project',23),(207,'moment Project',24),(208,'month Project',25),(209,'career Project',26),(210,'into Project',26),(211,'theory Project',26),(212,'onto Project',27),(213,'left Project',27),(214,'reason Project',27),(215,'view Project',28),(216,'experience Project',28),(217,'have Project',28),(218,'suggest Project',29),(219,'late Project',30),(220,'Congress Project',30),(221,'gas Project',30),(222,'attack Project',31),(223,'tree Project',31),(224,'around Project',32),(225,'whatever Project',33),(226,'seat Project',34),(227,'pick Project',35),(228,'main Project',36),(229,'research Project',36),(230,'vote Project',37),(231,'generation Project',37),(232,'gun Project',38),(233,'big Project',38),(234,'question Project',38),(235,'prove Project',39),(236,'knowledge Project',40),(237,'this Project',40),(241,'street Project',42),(242,'Congress Project',42),(243,'start Project',43),(244,'guess Project',43),(245,'think Project',43),(246,'city Project',44),(247,'quality Project',44),(256,'close Project',5),(257,'friend Project',6),(258,'face Project',6),(259,'democratic Project',7),(260,'hundred Project',7),(261,'owner Project',8),(262,'recently Project',8),(263,'bag Project',9),(264,'never Project',9),(265,'half Project',10),(266,'church Project',11),(267,'interview Project',12),(268,'method Project',12),(269,'interesting Project',13),(270,'talk Project',13),(271,'plan Project',14),(272,'recent Project',15),(273,'require Project',15),(274,'real Project',16),(275,'measure Project',16),(276,'ever Project',17),(277,'plant Project',17),(278,'end Project',18),(279,'while Project',18),(280,'author Project',19),(281,'bag Project',19),(282,'class Project',20),(283,'participant Project',21),(284,'consumer Project',22),(285,'every Project',22),(286,'clearly Project',22),(287,'feel Project',23),(288,'good Project',24),(289,'forward Project',24),(290,'receive Project',25),(291,'American Project',25),(292,'fight Project',26),(293,'who Project',27),(294,'rate Project',28),(295,'letter Project',28),(296,'song Project',29),(297,'energy Project',29),(298,'always Project',29),(299,'watch Project',30),(300,'attorney Project',30),(301,'pass Project',30),(302,'direction Project',31),(303,'shoulder Project',31),(304,'admit Project',32),(305,'while Project',32),(306,'environment Project',33),(307,'cut Project',34),(308,'matter Project',35),(309,'similar Project',36),(310,'attack Project',36),(311,'gun Project',36),(312,'clearly Project',37),(313,'through Project',37),(314,'risk Project',37),(315,'day Project',38),(316,'bank Project',38),(317,'cell Project',39),(318,'father Project',40),(319,'meeting Project',40),(320,'enjoy Project',40),(322,'feeling Project',42),(323,'cup Project',42),(324,'few Project',43),(325,'view Project',44),(326,'life Project',44),(327,'detail Project',44),(328,'they Project',45),(329,'film Project',45),(330,'maybe Project',46),(331,'view Project',46),(332,'couple Project',47),(333,'summer Project',47),(334,'knowledge Project',48),(335,'oil Project',49),(336,'into Project',49),(337,'themselves Project',49),(338,'pretty Project',50),(339,'strong Project',51),(340,'lead Project',52),(341,'five Project',53),(342,'scientist Project',53),(343,'quite Project',54),(344,'where Project',54),(345,'customer Project',54),(346,'test7',61),(347,'test7',61),(348,'test7',61);
/*!40000 ALTER TABLE `project` ENABLE KEYS */;
UNLOCK TABLES;

--
-- Table structure for table `site`
--

DROP TABLE IF EXISTS `site`;
/*!40101 SET @saved_cs_client     = @@character_set_client */;
/*!50503 SET character_set_client = utf8mb4 */;
CREATE TABLE `site` (
  `idsite` int NOT NULL AUTO_INCREMENT,
  `siteName` varchar(45) DEFAULT NULL,
  `person_idperson` int NOT NULL,
  PRIMARY KEY (`idsite`,`person_idperson`),
  KEY `fk_site_person1_idx` (`person_idperson`),
  CONSTRAINT `fk_site_person1` FOREIGN KEY (`person_idperson`) REFERENCES `person` (`idperson`) ON DELETE CASCADE
) ENGINE=InnoDB AUTO_INCREMENT=329 DEFAULT CHARSET=utf8mb3;
/*!40101 SET character_set_client = @saved_cs_client */;

--
-- Dumping data for table `site`
--

LOCK TABLES `site` WRITE;
/*!40000 ALTER TABLE `site` DISABLE KEYS */;
INSERT INTO `site` VALUES (14,'everything Site',5),(15,'onto Site',6),(16,'almost Site',7),(17,'article Site',7),(18,'draw Site',8),(19,'shoulder Site',8),(20,'speak Site',8),(21,'poor Site',9),(22,'example Site',9),(23,'possible Site',10),(24,'know Site',10),(25,'performance Site',11),(26,'family Site',12),(27,'today Site',12),(28,'radio Site',12),(29,'daughter Site',13),(30,'policy Site',13),(31,'oil Site',14),(32,'interesting Site',14),(39,'far Site',5),(40,'long Site',6),(41,'song Site',6),(42,'set Site',6),(43,'must Site',7),(44,'eight Site',7),(45,'fact Site',7),(46,'democratic Site',8),(47,'three Site',8),(48,'morning Site',8),(49,'fire Site',9),(50,'every Site',9),(51,'young Site',10),(52,'conference Site',11),(53,'several Site',11),(54,'form Site',12),(55,'image Site',12),(56,'memory Site',12),(57,'model Site',13),(58,'question Site',13),(59,'career Site',13),(60,'student Site',14),(61,'model Site',15),(62,'production Site',16),(63,'whether Site',16),(64,'response Site',16),(65,'else Site',17),(66,'television Site',17),(67,'do Site',17),(68,'smile Site',18),(69,'compare Site',19),(70,'college Site',19),(71,'thing Site',20),(72,'need Site',21),(73,'assume Site',22),(74,'particularly Site',23),(75,'serious Site',24),(82,'young Site',5),(83,'describe Site',6),(84,'debate Site',7),(85,'test Site',7),(86,'son Site',7),(87,'important Site',8),(88,'benefit Site',8),(89,'interview Site',9),(90,'whose Site',9),(91,'most Site',9),(92,'magazine Site',10),(93,'first Site',11),(94,'either Site',11),(95,'toward Site',11),(96,'list Site',12),(97,'player Site',13),(98,'moment Site',13),(99,'lose Site',14),(100,'particular Site',14),(101,'force Site',15),(102,'along Site',15),(103,'morning Site',15),(104,'say Site',16),(105,'left Site',16),(106,'fill Site',16),(107,'such Site',17),(108,'start Site',17),(109,'conference Site',18),(110,'grow Site',19),(111,'trade Site',19),(112,'yourself Site',20),(113,'either Site',20),(114,'left Site',20),(115,'effect Site',21),(116,'month Site',21),(117,'memory Site',22),(118,'nature Site',22),(119,'me Site',23),(120,'idea Site',23),(121,'meeting Site',24),(122,'claim Site',24),(123,'rise Site',24),(124,'cultural Site',25),(125,'husband Site',26),(126,'today Site',26),(127,'public Site',27),(128,'establish Site',27),(129,'bill Site',28),(130,'pattern Site',28),(131,'research Site',29),(132,'company Site',29),(133,'purpose Site',29),(134,'second Site',30),(135,'listen Site',30),(136,'defense Site',31),(137,'trial Site',31),(138,'water Site',31),(139,'ahead Site',32),(140,'kitchen Site',32),(141,'memory Site',33),(142,'fact Site',33),(143,'play Site',34),(144,'benefit Site',34),(152,'land Site',5),(153,'type Site',5),(154,'include Site',6),(155,'authority Site',7),(156,'over Site',8),(157,'hard Site',9),(158,'play Site',10),(159,'because Site',10),(160,'city Site',10),(161,'expect Site',11),(162,'majority Site',12),(163,'bed Site',12),(164,'effort Site',13),(165,'hear Site',13),(166,'industry Site',13),(167,'throughout Site',14),(168,'sign Site',14),(169,'trial Site',15),(170,'car Site',15),(171,'Mrs Site',16),(172,'ahead Site',16),(173,'behavior Site',17),(174,'call Site',17),(175,'rise Site',17),(176,'though Site',18),(177,'become Site',18),(178,'at Site',18),(179,'reason Site',19),(180,'give Site',19),(181,'health Site',19),(182,'everybody Site',20),(183,'international Site',21),(184,'grow Site',22),(185,'too Site',23),(186,'scientist Site',23),(187,'cause Site',23),(188,'oil Site',24),(189,'seven Site',25),(190,'name Site',25),(191,'condition Site',26),(192,'group Site',26),(193,'her Site',26),(194,'score Site',27),(195,'word Site',27),(196,'white Site',28),(197,'for Site',29),(198,'job Site',30),(199,'six Site',31),(200,'political Site',32),(201,'blue Site',33),(202,'once Site',33),(203,'minute Site',33),(204,'technology Site',34),(205,'ever Site',34),(206,'evidence Site',35),(207,'why Site',35),(208,'call Site',36),(209,'own Site',36),(210,'itself Site',36),(211,'part Site',37),(212,'toward Site',37),(213,'thus Site',38),(214,'learn Site',38),(215,'wonder Site',39),(216,'people Site',39),(217,'support Site',40),(219,'call Site',42),(220,'section Site',42),(221,'together Site',42),(222,'alone Site',43),(223,'I Site',43),(224,'Democrat Site',43),(225,'cold Site',44),(226,'simple Site',44),(234,'many Site',5),(235,'best Site',5),(236,'morning Site',5),(237,'third Site',6),(238,'spring Site',6),(239,'international Site',7),(240,'or Site',7),(241,'speak Site',8),(242,'woman Site',9),(243,'whatever Site',9),(244,'bar Site',9),(245,'unit Site',10),(246,'all Site',11),(247,'force Site',11),(248,'fear Site',12),(249,'open Site',12),(250,'mouth Site',13),(251,'heart Site',14),(252,'manager Site',14),(253,'cold Site',15),(254,'take Site',15),(255,'type Site',15),(256,'where Site',16),(257,'employee Site',16),(258,'try Site',17),(259,'upon Site',17),(260,'part Site',17),(261,'grow Site',18),(262,'ago Site',18),(263,'drop Site',18),(264,'process Site',19),(265,'guess Site',20),(266,'role Site',20),(267,'many Site',21),(268,'game Site',22),(269,'ok Site',23),(270,'represent Site',23),(271,'yeah Site',24),(272,'trouble Site',25),(273,'do Site',25),(274,'small Site',25),(275,'century Site',26),(276,'yourself Site',27),(277,'size Site',28),(278,'claim Site',29),(279,'investment Site',29),(280,'leave Site',30),(281,'record Site',31),(282,'dinner Site',31),(283,'we Site',32),(284,'piece Site',32),(285,'reason Site',33),(286,'war Site',33),(287,'smile Site',33),(288,'fall Site',34),(289,'truth Site',34),(290,'TV Site',34),(291,'under Site',35),(292,'when Site',35),(293,'because Site',36),(294,'you Site',36),(295,'many Site',36),(296,'if Site',37),(297,'section Site',37),(298,'piece Site',38),(299,'politics Site',39),(300,'resource Site',40),(302,'hope Site',42),(303,'example Site',43),(304,'ask Site',43),(305,'possible Site',44),(306,'voice Site',44),(307,'head Site',45),(308,'growth Site',45),(309,'into Site',46),(310,'world Site',47),(311,'black Site',48),(312,'public Site',48),(313,'memory Site',49),(314,'cover Site',49),(315,'concern Site',49),(316,'whose Site',50),(317,'low Site',51),(318,'he Site',51),(319,'find Site',51),(320,'yet Site',52),(321,'at Site',53),(322,'full Site',53),(323,'good Site',54),(324,'scientist Site',54),(325,'agreement Site',54),(326,'test7',61),(327,'test7',61),(328,'test7',61);
/*!40000 ALTER TABLE `site` ENABLE KEYS */;
UNLOCK TABLES;
/*!40103 SET TIME_ZONE=@OLD_TIME_ZONE */;

/*!40101 SET SQL_MODE=@OLD_SQL_MODE */;
/*!40014 SET FOREIGN_KEY_CHECKS=@OLD_FOREIGN_KEY_CHECKS */;
/*!40014 SET UNIQUE_CHECKS=@OLD_UNIQUE_CHECKS */;
/*!40101 SET CHARACTER_SET_CLIENT=@OLD_CHARACTER_SET_CLIENT */;
/*!40101 SET CHARACTER_SET_RESULTS=@OLD_CHARACTER_SET_RESULTS */;
/*!40101 SET COLLATION_CONNECTION=@OLD_COLLATION_CONNECTION */;
/*!40111 SET SQL_NOTES=@OLD_SQL_NOTES */;

-- Dump completed on 2024-04-10  3:52:29
